config,trace
DDR4_3200W_x16_cfg.yaml,602
DDR4_3200W_x16_cfg.yaml,603
DDR4_3200W_x16_cfg.yaml,605
DDR4_3200W_x16_cfg.yaml,607
DDR4_3200W_x16_cfg.yaml,619
DDR4_3200W_x16_cfg.yaml,620
DDR4_3200W_x16_cfg.yaml,621
DDR4_3200W_x16_cfg.yaml,623
DDR4_3200W_x16_cfg.yaml,628
DDR4_3200W_x16_cfg.yaml,654
DDR4_3200W_x8_cfg.yaml,602
DDR4_3200W_x8_cfg.yaml,603
DDR4_3200W_x8_cfg.yaml,605
DDR4_3200W_x8_cfg.yaml,607
DDR4_3200W_x8_cfg.yaml,619
DDR4_3200W_x8_cfg.yaml,620
DDR4_3200W_x8_cfg.yaml,621
DDR4_3200W_x8_cfg.yaml,623
DDR4_3200W_x8_cfg.yaml,628
DDR4_3200W_x8_cfg.yaml,654
DDR4_2666T_x4_cfg.yaml,602
DDR4_2666T_x4_cfg.yaml,603
DDR4_2666T_x4_cfg.yaml,605
DDR4_2666T_x4_cfg.yaml,607
DDR4_2666T_x4_cfg.yaml,619
DDR4_2666T_x4_cfg.yaml,620
DDR4_2666T_x4_cfg.yaml,621
DDR4_2666T_x4_cfg.yaml,623
DDR4_2666T_x4_cfg.yaml,628
DDR4_2666T_x4_cfg.yaml,654
DDR4_1600J_x4_cfg.yaml,602
DDR4_1600J_x4_cfg.yaml,603
DDR4_1600J_x4_cfg.yaml,605
DDR4_1600J_x4_cfg.yaml,607
DDR4_1600J_x4_cfg.yaml,619
DDR4_1600J_x4_cfg.yaml,620
DDR4_1600J_x4_cfg.yaml,621
DDR4_1600J_x4_cfg.yaml,623
DDR4_1600J_x4_cfg.yaml,628
DDR4_1600J_x4_cfg.yaml,654
DDR5_3200AN_x8_cfg.yaml,602
DDR5_3200AN_x8_cfg.yaml,603
DDR5_3200AN_x8_cfg.yaml,605
DDR5_3200AN_x8_cfg.yaml,607
DDR5_3200AN_x8_cfg.yaml,619
DDR5_3200AN_x8_cfg.yaml,620
DDR5_3200AN_x8_cfg.yaml,621
DDR5_3200AN_x8_cfg.yaml,623
DDR5_3200AN_x8_cfg.yaml,628
DDR5_3200AN_x8_cfg.yaml,654
DDR5_3200AN_x4_cfg.yaml,602
DDR5_3200AN_x4_cfg.yaml,603
DDR5_3200AN_x4_cfg.yaml,605
DDR5_3200AN_x4_cfg.yaml,607
DDR5_3200AN_x4_cfg.yaml,619
DDR5_3200AN_x4_cfg.yaml,620
DDR5_3200AN_x4_cfg.yaml,621
DDR5_3200AN_x4_cfg.yaml,623
DDR5_3200AN_x4_cfg.yaml,628
DDR5_3200AN_x4_cfg.yaml,654
DDR4_2133N_x4_cfg.yaml,602
DDR4_2133N_x4_cfg.yaml,603
DDR4_2133N_x4_cfg.yaml,605
DDR4_2133N_x4_cfg.yaml,607
DDR4_2133N_x4_cfg.yaml,619
DDR4_2133N_x4_cfg.yaml,620
DDR4_2133N_x4_cfg.yaml,621
DDR4_2133N_x4_cfg.yaml,623
DDR4_2133N_x4_cfg.yaml,628
DDR4_2133N_x4_cfg.yaml,654
DDR4_1866L_x4_cfg.yaml,602
DDR4_1866L_x4_cfg.yaml,603
DDR4_1866L_x4_cfg.yaml,605
DDR4_1866L_x4_cfg.yaml,607
DDR4_1866L_x4_cfg.yaml,619
DDR4_1866L_x4_cfg.yaml,620
DDR4_1866L_x4_cfg.yaml,621
DDR4_1866L_x4_cfg.yaml,623
DDR4_1866L_x4_cfg.yaml,628
DDR4_1866L_x4_cfg.yaml,654
DDR4_3200W_x4_cfg.yaml,602
DDR4_3200W_x4_cfg.yaml,603
DDR4_3200W_x4_cfg.yaml,605
DDR4_3200W_x4_cfg.yaml,607
DDR4_3200W_x4_cfg.yaml,619
DDR4_3200W_x4_cfg.yaml,620
DDR4_3200W_x4_cfg.yaml,621
DDR4_3200W_x4_cfg.yaml,623
DDR4_3200W_x4_cfg.yaml,628
DDR4_3200W_x4_cfg.yaml,654
DDR5_3200AN_x16_cfg.yaml,602
DDR5_3200AN_x16_cfg.yaml,603
DDR5_3200AN_x16_cfg.yaml,605
DDR5_3200AN_x16_cfg.yaml,607
DDR5_3200AN_x16_cfg.yaml,619
DDR5_3200AN_x16_cfg.yaml,620
DDR5_3200AN_x16_cfg.yaml,621
DDR5_3200AN_x16_cfg.yaml,623
DDR5_3200AN_x16_cfg.yaml,628
DDR5_3200AN_x16_cfg.yaml,654
DDR4_2400P_x4_cfg.yaml,602
DDR4_2400P_x4_cfg.yaml,603
DDR4_2400P_x4_cfg.yaml,605
DDR4_2400P_x4_cfg.yaml,607
DDR4_2400P_x4_cfg.yaml,619
DDR4_2400P_x4_cfg.yaml,620
DDR4_2400P_x4_cfg.yaml,621
DDR4_2400P_x4_cfg.yaml,623
DDR4_2400P_x4_cfg.yaml,628
DDR4_2400P_x4_cfg.yaml,654
DDR4_2933V_x4_cfg.yaml,602
DDR4_2933V_x4_cfg.yaml,603
DDR4_2933V_x4_cfg.yaml,605
DDR4_2933V_x4_cfg.yaml,607
DDR4_2933V_x4_cfg.yaml,619
DDR4_2933V_x4_cfg.yaml,620
DDR4_2933V_x4_cfg.yaml,621
DDR4_2933V_x4_cfg.yaml,623
DDR4_2933V_x4_cfg.yaml,628
DDR4_2933V_x4_cfg.yaml,654
